Laptop,Price
"New ListingASUS FX503VD 15.6” FHD Powerful Gaming Laptop, Intel Core i7-7700HQ Quad-Cor x",$89.00
New ListingOfficial Microsoft Surface Laptop i5 4GB 128GB Platinum D9P-00020 P20 + #1,$159.00
2018 10 Inch 8G Mini Laptop Netbook Android 4.4 Computer Notebook HDMI Wifi,$116.31
"New ListingRB Razer Blade Stealth 13.3""QHD+ Touch i7-8550U 4.0Ghz 16GB RAM 256GB SSD #6",$299.00
"New ListingLenovo Y50-70 Touch 15.6"" i7-4720HQ 2.6GHz 8GB RAM 1TB HDD NVIDIA 960M #E",$109.00
New ListingUnused VAIO Z Flip 2in1 i7-6567u 16GB RAM 512GB SSD Pen Win 10 Pro VJZ13BX01 z,$258.00
"Samsung Chromebook 11.6 Laptop 1.7GHz, 2GB Ram, 16GB SSD, XE303C12 WITH CHARGER",$77.99
"14""/15.6"" FullHD Intel Core I7 6500U 8GB RAM +1TBROM 1920x1080 WebCam Laptop",$14.35 to $683.20
"New Samsung Galaxy Book 12"" 2-in-1 Laptop Intel i5 128GB SSD 4GB S Pen Keyboard",$678.99
"New ListingPowerful HP 17.3"" Laptop With 12GB of Ram and 1TB Hard Drive plus Powerful ",$250.00
"New ListingHP Spectre 13.3"" Intel i7 2.5 GHz 8GB Ram 256GB SSD FHD IPS Windows 10 Ultrabook",$159.00
4Gb 7 inch Mini computer Laptop PC Netbook Android 2.2 Latest Software Build,$91.45
"HP NOTEBOOK Laptop 15.6"",7th Gen Quad Core AMD Processor, 500GB HDD, 4GB RAM BL","$1,075.00"
"14""/ 15.6 inch 2G~8G + 32GB~1TB Quad Core HD Slim Notebooks Laptop PC Windows 10",$15.35 to $729.35
Build your Panasonic Toughbook CF-30 Rugged Laptop Military Grade - Ready to Use,$248.00 to $678.00
New ListingNew Dell Inspiron 15 5000 5566 15.6-inch Laptop i3 8Gb 1Tb Win10,$429.00
HP newest 17 UPGRADED 17.3in gaming LAPTOP 3.2Ghz 1TB HDD DVD/RW Win 10 Silver,$379.00
New ListingHP PavILiOn 15 15.6in Touch gaming LAPTOP 3.5GHz 8gb 1TB HDD Win 10 Black,$369.00
New ListingHP 17 17.3in gaming Touch LAPTOP UPGRADED 2.9GHz 8gb 1TB HDD DVDRW Win 10 Red,$389.00
New ListingNew Dell G5 15 15.6'' FHD IPS Laptop Intel i7-8750H 16GB 1TB+128GB SSD GTX 1060,"$1,149.49"
New ListingNew Dell Inspiron 15 5000 15.6'' FHD Laptop Intel i5-8250U 8GB 256GB SSD Win10,$599.49
"Lenovo IdeaPad Flex 5-1570 Touchscreen Core i5-7200U 2.5GHz 8GB 1TB 15.6"" Laptop",$489.00
HUAWEI MateBook X Pro Laptop Fingerprint 13.9 inch 8GB/16GB RAM 256G/512GB,"$1,400.00 to $1,980.00"
"HP NOTEBOOK Laptop 15.6""((Wi-Fi) intel Celeron 2.16GHz, 4GB RAM, 320 GB Storage",$43.50
"HP EliteBook 9470m laptop - 128GB SSD, Core i5 3227u, 8GB ram, Windows 10",$378.91
Dell Precision M5510 Laptop E3-1505M 256GB PCIe 16GB FHD CMRA BKLT M1000M WTY,"$1,329.99"
"7inch Bluetoooth Quad Core Mini Intel Laptop Metal Computer 8G 128G ONE-NETBOOK ",$526.40
Build your Blue Panasonic Toughbook CF-30 Fully Rugged Military Non-Touchscreen,$295.00 to $780.00
New ListingPanasonic TOUGHBOOK CF-31 MK4 Rugged Laptop i5-3380@ 2.9GHz 16G 128GB SSD,$899.99
New ListingHP EliteBook X360 1030 G2 Laptop 16GB RAM Windows 10 64 Bit OS Touch w/ Pen,$799.99
"Acer Aspire E 15, 15.6"" Full HD, 8th Gen Intel Core i3-8130U, 6GB RAM Memory,1TB",$498.98
Jumper EZbook 3S Windows 10 Laptop Computer Thin Intel Quad Core 6GB 256GB SSD,$369.00
"NEW Dell 15.6"" Touch Screen Laptop i3-7100U/8GB/1TB/DVD-RW/Windows 10/HDMI/Black",$409.98
"New HP Touchscreen 15.6"" HD Laptop AMD A9 8GB 2TB DVD WiFi & BT Win 10 - Blue",$458.99
DELL newest 15.6 gaming LAPTOP 3.2Gh UPGRADED w/ 1TB HDD DVD/RW Win 10 Purple,$369.00
Dell Latitude 12 Rugged Extreme 7214 i3-6100U 128GB SSD 4GB TOUCH BKLT CMRA W10P,$899.99
"Dell Insprion 15 5000 Laptop 15.6"" Intel Core i7, 12GB Memory, 1TB Storage, 5567",$559.00
New ListingDELL INSPIRON 15-I5558-4286SLV 2.7GHZ 8GB 1TB NOTEBOOK/LAPTOP SILVER,$424.99
"DELL XPS L702x 17.3"" Gaming Laptop Upgraded 2 Max with 16GB Ram + 2TB HDD Win 7",$649.00
Xiaomi Mi Notebook Pro 15.6″ Laptop Win 10 Intel i7 Dual WiFi 8000mAh 16G+256GB,"$729.99 to $1,699.99"
ALIENWARE 17 17.3in Gaming Laptop 3.4Ghz 32GB Ram 500GB SSD 2TB GTX 770 WIN 7,"$1,199.00"
DELL LATITUDE LAPTOP WINDOWS 10 PRO DVD+RW INTEL i5 2.5GHz 4GB 250GB HDMI WIFI,$171.00 to $203.00
New Dell Inspiron 2-in-1 17.3'' Touchscreen Laptop Intel i7-8550U 16GB 2TB MX150,$899.49
Custom Build Lenovo ThinkPad T460 Laptop i5 Dual-Core Min 2.30GHz B v.WAA,$439.99
New HP ENVY x360 13M-AG0001DX 2-in-1 13.3'' Touch Laptop AMD Ryzen 5 8GB 128GB,$699.49
High Performance Toughbook CF-31 i5 Military Fully Rugged SSD Touchscreen,"$685.00 to $1,520.00"
DELL newest 15.6in gaming LAPTOP 3.4Gh 8GB 1TB HDD Backlit Touch AMD R8 Win 10,$429.00
"HP EliteBook 9470m laptop - 1TB SSD Hybrid, 16GB RAM, Intel Core i5, Windows 10",$378.51
"13.3"" Teclast F6 Pro Laptop Notebook Intel Win10 1GHz Dual Core 8+128GB WiFi BT",$539.57
"Touchscreen Getac V110 Toughbook - Rugged Tablet / Laptop, i5, 12GB Memory, SSD","$952.84 to $1,394.88"
"New Acer 17.3"" Laptop i5-7200U 8GB RAM 256GB SSD NVIDIA GeForce 940MX win 10",$619.99
"15.6"" FullHD Win10.1 Laptop , Intel Core ,HD Graphics 2GB RAM + 32GBROM",$207.09
Black Panasonic Toughbook CF-31 i5 Military Fully Rugged SSD Touch Windows 10,"$557.00 to $1,499.00"
"VOYO VBOOK V3 Pro 13.3"" IPS Screen Tablet Laptop PC Windows 10 Quad Core 8G+128G",$498.99
New Lenovo Yoga 710 2-in-1 15.6'' Touchscreen Laptop i5-7200U 8GB 256GB SSD,$644.49
New ListingHP ProBook 4540s Laptop Intel i5 2.60GHz 300GB 4GB RAM Windows 10 Pro See Descr,$49.99
"New ListingDell Precision M6500 17"" Extreme Core i7 2GHz 4GB 256GB SSD 1080p Gaming Laptop",$370.00
ALIENWARE 18 18.4in Gaming Laptop 3.7Ghz 32GB Ram 2TB SSD DUAL GTX 770 WIN 10,"$1,499.00"
"Acer Spin 3 15.6"" FHD Touch i7-6500U 12GB 1TB W10H 2in1 Laptop SP315-51-79NT U1",$439.99
Red Fury Panasonic Toughbook CF-31 i5 8GB 500GB TouchScreen w/ GPS Fully Rugged,$607.42
Dell Precision M7710 Laptop i7-6820HQ 512GB PCIe 32GB FHD BT BKLT W5170M TB WTY,"$1,379.99"
New ListingDell Precision M4600 Quad Core i7 2.2GHz 16GB 1TB Webcam Win 7 Gaming Laptop,$385.00
"New Dell 15.6"" Gaming Laptop Intel i5-7300HQ 8GB RAM 1TB HDD NVIDIA GTX 1050",$699.00
7 inch EU Plug Mini Tablet PC X5 Quad Core 8GB RAM 128GB Laptop Bluetooth Laptop,$593.86
"13.3"" Teclast F6 Pro Laptop Notebook Intel Win10 1GHz Dual Core 8+128GB WiFi BT",$539.57
New ASUS 2-in-1 13.3'' Touchscreen i5-7200U 6GB RAM 1TB HDD Graphics 520 WIn 10,$519.00
New Dell G3 17.3'' FHD Laptop Intel i7-8750H 8GB 1TB + 128GB SSD GTX 1050 Ti,$949.49
"Dell Inspiron 15 Core i5-7200U 2.5GHz 8GB 1TB 15.6"" Laptop HDMI DVDRW 5567 5000",$449.00
Custom Build HP EliteBook 8770W Laptop i5 Dual-Core Min 2.60GHz B v.WBB,$279.99 to $496.99
New Lenovo Yoga 730 81CU000BUS 2-in-1 15.6'' Touch Laptop i5-8250U 8GB 256GB SSD,$724.49
"Asus FL8000UQ8550 Office Laptop 4GB RAM 1TB ROM Computer 15.6"" Ultrathin HD PC","$1,143.65"
"Lenovo Flex 5 1570 15.6"" FHD IPS Touch Screen i5-7200U 8GB 256GB W10 2in1 Laptop",$499.99
New Lenovo V330 81AX00GGUS 15.6'' FHD Laptop Intel i5-7200U 8GB 256GB SSD DVD RW,$599.49
"New ListingLenovo ThinkPad T440p 14"" Laptop | 2.60GHz Core i5 i5-4300M | 8gb DDR3 | DVD-RW",$179.97
14 inch 2G+32G Quad Core HD Slim Notebooks Laptop Tablet PC 1920*1080 Windows 10,$182.19
"New ListingHP 15.6"" ProBook 4540s Laptop Intel Core i5 2.60GHz 300GB HDD 4GB RAM Win 10 Pro",$109.99
"New ListingHP LAPTOP FOLIO 9470m i5 1.8GHz 4GB 320GB HDD WIN 10 PRO 64 WEBCAM HD WiFi ",$180.95
"Dell Insprion 15.6"" IPS 1080p Convertible Laptop Core i7-7500U, 8GB RAM, 1TB HDD",$549.00
"NEW HP 14-x013dx Chromebook 14"" Laptop NVIDIA Tegra 2.3GHz 2GB 16GB Google OS",$404.95
New ListingHP EliteBook 8570w Quad Core i7-3720QM 2.6GHz 4GB 1TB Win7 Webcam Gaming Laptop,$435.00
New ListingHP EliteBook 8570w Quad Core i7-3720QM 2.6GHz 8GB 1TB Win7 Webcam Gaming Laptop,$455.00
"Lenovo Thinkpad T540p 15"" Laptop | 2.90GHz Core i7 4600M | 16gb DDR3 | 180GB",$249.99
HP PAVILION X360 15-BR158CL 15.6'' FHD TOUCH LAPTOP i7-8550U 8GB 1TB RADEON 530,$744.49
"Dell Latitude E6420 14"" i7-2620M 2.70GHz 4GB RAM 250GB HDD DVD+RW Win 10 Laptop",$34.95
Ultra-thin Quad Core Laptop 14'' Screen Display 1920*1080 pixel 2G 32G Windows10,$179.69
New Lenovo Yoga 720 81B5001HUS 12.5'' FHD Touchscreen Laptop i3-7100U 4GB 128GB,$489.49
New ListingHP EliteBook 8570w QuadCore i7-3720QM 2.6GHz 4GB 160GB Win7 Webcam Gaming Laptop,$395.00
Custom Build Lenovo ThinkPad T460 Laptop i5 Dual-Core Min 2.30GHz B v.WAA,$439.99
"Teclast F6 Pro Laptop Touch Screen 13.3"" Intel Windows 10 8GB 128GB Fingerprint",$497.99
Custom Build Dell Precision M4800 Laptop i7 Dual-Core Min 2.80GHz B v.WCA,$356.99
Dell Latitude 7490 i5-8250U 256GB 8GB HD CMRA BT 3 cell W10P UHD WTY,$999.99
"Dell Latitude E6430 14"" LED Laptop i5 2.6GHz 16GB 1TB HD DVDRW WiFi HDMI W10P",$364.99
"New ListingDell Precision M6700 17"" i7-3840QM 2.8GHz 8GB 1TB Win 7 Pro NVidia Gaming Laptop",$510.00
Dell Precision m3800 Laptop i7-4712HQ 500GB 8GB TOUCH FHD CMRA K1100M BKLT W10P,$779.99
Toshiba Z30T-A Laptop Intel i5-4200U @1.60GHz 4GB 256GB SSD Wins 8 Touchscreen,$352.72
Dell Latitude E6440 i7-4610M 256GB SSD 8GB Finger Win 7 vPro BT Backlt NBD WTY,$529.99
Dell Latitude 12 Rugged Extreme 7214 i7-6600U 256GB SSD 8GB TOUCH BT LTE CMRA,"$1,149.99"
Ultra-thin Quad-Core Laptop 13.3'' Screen 1920*1080 Display 6G+64G Windows10,$369.99
New Lenovo Thinkpad E485 14'' FHD IPS Laptop AMD Ryzen 5 2500U 8GB 500GB Vega 8,$599.49
"Ultra-thin Laptop 13.3'' Screen 1920*1080Display pixel 6G+64G Windows10 Silver ",$249.99
